video_path,activity,frame_idx,timestamp,nose_x,nose_y,nose_z,nose_visibility,left_shoulder_x,left_shoulder_y,left_shoulder_z,left_shoulder_visibility,right_shoulder_x,right_shoulder_y,right_shoulder_z,right_shoulder_visibility,left_hip_x,left_hip_y,left_hip_z,left_hip_visibility,right_hip_x,right_hip_y,right_hip_z,right_hip_visibility,left_knee_x,left_knee_y,left_knee_z,left_knee_visibility,right_knee_x,right_knee_y,right_knee_z,right_knee_visibility,left_ankle_x,left_ankle_y,left_ankle_z,left_ankle_visibility,right_ankle_x,right_ankle_y,right_ankle_z,right_ankle_visibility,left_wrist_x,left_wrist_y,left_wrist_z,left_wrist_visibility,right_wrist_x,right_wrist_y,right_wrist_z,right_wrist_visibility,left_knee_angle,right_knee_angle,left_hip_angle,right_hip_angle,left_elbow_angle,right_elbow_angle,torso_lean_angle,shoulder_angle,avg_knee_angle,knee_angle_diff,shoulder_width,hip_width,body_center_x,body_center_y,body_center_z,nose_velocity_x,nose_velocity_y,nose_velocity_z,nose_velocity_total,left_hip_velocity_x,left_hip_velocity_y,left_hip_velocity_z,left_hip_velocity_total,right_hip_velocity_x,right_hip_velocity_y,right_hip_velocity_z,right_hip_velocity_total,left_knee_velocity_x,left_knee_velocity_y,left_knee_velocity_z,left_knee_velocity_total,right_knee_velocity_x,right_knee_velocity_y,right_knee_velocity_z,right_knee_velocity_total,left_knee_angle_velocity,right_knee_angle_velocity,nose_acceleration_x,nose_acceleration_y,nose_acceleration_z,nose_acceleration_total,left_hip_acceleration_x,left_hip_acceleration_y,left_hip_acceleration_z,left_hip_acceleration_total,right_hip_acceleration_x,right_hip_acceleration_y,right_hip_acceleration_z,right_hip_acceleration_total,left_knee_acceleration_x,left_knee_acceleration_y,left_knee_acceleration_z,left_knee_acceleration_total,right_knee_acceleration_x,right_knee_acceleration_y,right_knee_acceleration_z,right_knee_acceleration_total
videos/caminar_regreso/video1.mp4,caminarRegreso,88,3.2266666666666666,0.11885579368719061,4.148531259585319,-1.1787651440209155,0.9996000528335571,-0.4192701264897311,2.881980520759757,-0.7147644660875264,0.9999539852142334,0.5711845903446199,2.7445866042431355,-0.7037025672989257,0.9997989535331726,-0.3165792771619245,0.0280235868221064,0.019746864701121414,0.9968390464782715,0.3165792771619245,-0.0280235868221064,-0.019746864701121414,0.9961751699447632,-0.3547926319382204,-1.7978564695513797,0.20434823594310333,0.3537432849407196,0.23413419821233908,-1.809618150238861,0.36065376848808317,0.1885184496641159,-0.3950764495594993,-3.3380462624536964,2.072221303740333,0.013184431940317154,0.1931910346845021,-3.4009214881030756,1.7140377666681554,0.011429717764258385,-0.7424329433540404,-0.13718442831830122,-0.6530142129229649,0.9907817244529724,0.882811071113583,-0.1710159627519565,-0.6067112673651539,0.9583233594894409,135.2887239684979,151.6497964132831,170.77323078819734,176.91626960585728,161.41309578393157,162.7609377380217,0.0,0.0,143.4692601908905,16.361072444785208,1.0,0.6368601064983335,0.03797861596372219,1.4066417812507233,-0.354616758346613,,,,,,,,,,,,,,,,,,,,,,,,,,,,,,,,,,,,,,,,,,
videos/caminar_regreso/video1.mp4,caminarRegreso,89,3.263333333333333,0.1474496307433315,3.6018156884506634,-1.3421524408130128,0.9993436336517334,-0.3721832334162708,2.566034779875216,-0.869645942685128,0.9999182224273682,0.49991712323934057,2.4461247885489503,-0.3952383522090793,0.9997943043708801,-0.28261750916180595,0.022237164255529063,-0.15963191534239007,0.9950941801071167,0.28261750916180595,-0.022237164255529063,0.15963191534239007,0.9950053095817566,-0.269455387789619,-1.7248566180647706,-0.34186027034364536,0.3269730806350708,0.23991848405094165,-1.7472389618112256,0.3271332233630615,0.17407208681106567,-0.3028279073125457,-3.188100727810458,1.4414996380682645,0.012828217819333076,0.1993690830130761,-3.288636866126329,1.6736462389138704,0.01106635294854641,-0.6474582927042716,-0.09670301834408106,-0.8452210772177916,0.9778280258178711,0.7658946539620131,-0.11168419022921733,-0.2553908894238228,0.9542086124420166,123.40174120564716,144.4148336794429,158.40234941100056,172.075318878611,158.08095903302555,147.99288014455135,0.0,0.0,133.90828744254503,21.013092473795737,1.0,0.6506903913685244,0.03193347245576744,1.2530398921060417,-0.3162210737235518,0.7798319197129335,-14.910424667308783,-4.456017185239017,15.581559316629349,0.9262300363668702,-0.15781152454301828,-4.892148546641223,4.981558386684893,-0.9262300363668702,0.15781152454301828,4.892148546641223,4.981558386684893,2.327379385870947,1.9909050405438828,-14.896595626002236,15.208187233555122,0.15775325014370664,1.701250593480967,-0.9141966852278638,1.9377552087484784,-324.1904389868382,-197.31716546836924,,,,,,,,,,,,,,,,,,,,
videos/caminar_regreso/video1.mp4,caminarRegreso,90,3.3,0.15044765392621112,3.3110738274095515,-1.2211037619748688,0.9989858269691467,-0.3470330539268087,2.3772342046537394,-0.8460798219115128,0.9998773336410522,0.4584168534951105,2.275902314378061,-0.2621429292191778,0.999783992767334,-0.26365603688093386,0.015653753097033003,-0.18483587142439997,0.9918591380119324,0.26365603688093386,-0.015653753097033003,0.18483587142439997,0.9926854372024536,-0.2125063874298973,-1.6038078504505575,-0.30100715619548146,0.29948514699935913,0.25938558635995945,-1.6143897338938495,0.31251402241981796,0.15981510281562805,-0.23662612511935371,-2.99133259712596,1.2052114802959635,0.012321208603680134,0.22649463927598726,-3.063014889095618,1.5118123606017277,0.010647442191839218,-0.5837049757769112,-0.07876607161663739,-0.820075984009931,0.9645642638206482,0.6902444463697116,-0.0788182789434775,-0.09667744859713105,0.9453897476196289,128.4951849642457,144.9370063507078,160.26484059901176,172.0575292825512,160.40980081981067,148.78779541941128,0.0,0.0,136.71609565747676,16.441821386462095,1.0,0.644744430406345,0.02784594989207545,1.1632841297579501,-0.27705568778267264,0.08176426862398954,-7.929323482939415,3.3013276046766538,8.589506402938307,0.5171310622056022,-0.17954757704989258,-0.6873806204184518,0.8787229286010678,-0.5171310622056022,0.17954757704989258,0.6873806204184518,0.8787229286010678,1.553154555265138,3.301330025842176,1.11417584040447,3.8147682518613055,0.5309209720641217,3.623160761382984,-0.3987054802702783,3.6834952207652436,138.91210250723327,14.241072852679405,-19.038208666062108,190.39366866461913,211.56394881588193,285.2569138432133,-11.157244749852762,-0.5928014320056627,114.67548889698466,115.21850232366482,11.157244749852762,0.5928014320056627,-114.67548889698466,115.21850232366482,-21.115222652885695,35.738863235408,436.6574036292738,438.62604473206864,10.17730150692041,52.4157318518732,14.058851044297786,55.21447006189584
videos/caminar_regreso/video1.mp4,caminarRegreso,91,3.3366666666666664,0.16372388006637317,3.4500892548843924,-1.2562218070616764,0.9986487627029419,-0.3648384783699487,2.4941033693064636,-0.8275178100898957,0.9998416304588318,0.4826037332933248,2.3939313601792684,-0.3061664252459686,0.9997822642326355,-0.28096495670421723,0.01252735892816388,-0.15952647573255688,0.9902769327163696,0.28096495670421723,-0.01252735892816388,0.15952647573255688,0.991655707359314,-0.21574482791996846,-1.6962922531924045,-0.25121271187517513,0.274809867143631,0.29129904267502604,-1.7038856441205412,0.21248418244035505,0.1476626992225647,-0.23608346498059396,-3.1502745882406487,1.3850890926252746,0.011759265325963497,0.26328558020233156,-3.231362550957836,1.392289699557905,0.010417744517326355,-0.5887670222868536,-0.07625486356566298,-0.7899470866713387,0.9592459797859192,0.7166918036185481,-0.07567580443313737,-0.1063927106680855,0.9445488452911377,128.4913608459574,144.09283115702482,161.87171255494448,169.54814577695834,163.08538529405456,149.2447396262404,0.0,0.0,136.2920960014911,15.60147031106743,0.9999999999999999,0.6466743788868329,0.02944131373084402,1.222008682371433,-0.28342105883396607,0.3620788947316923,3.7913298402229354,-0.9577648660038437,3.927161394942453,-0.4720614497259099,-0.08526529551461244,0.6902562461411753,0.8405747249789449,0.4720614497259099,0.08526529551461244,-0.6902562461411753,0.8405747249789449,-0.08832110427466798,-2.5223018929594634,1.358030299644718,2.866017053585047,0.870366990410907,-2.4407975516370457,-2.728086544894443,3.762643695928228,-0.10429413513603239,-23.0229598277178,7.644944348391893,319.6541815407914,-116.15706738219538,340.1906895454888,-26.97797759813215,2.5713349509621857,37.57191454253528,46.32571425360794,26.97797759813215,-2.5713349509621857,-37.57191454253528,46.32571425360794,-44.76751798744925,-158.82632505822653,6.650576161097675,165.1489096589275,9.257618682185054,-165.38068126418264,-63.52857448974995,177.40448984106806
videos/caminar_regreso/video1.mp4,caminarRegreso,92,3.373333333333333,0.1850078769708349,3.669178083525119,-1.106558345842755,0.9984728097915649,-0.365363654268095,2.632684285220876,-0.71113368413913,0.9998279809951782,0.5109166177527233,2.5154573644785527,-0.24381074021234833,0.9997807741165161,-0.29663709941308547,0.01161138166782665,-0.14922923152026635,0.9889591932296753,0.29663709941308547,-0.01161138166782665,0.14922923152026635,0.9907322525978088,-0.20825657321783225,-1.7837831342081438,-0.23251346431763764,0.25163111090660095,0.3242030432314664,-1.7954924258473715,0.1986378182409412,0.13673637807369232,-0.22912854460230356,-3.341994501991281,1.3486980406959108,0.011037257499992847,0.28958969844457283,-3.4232246365129697,1.320430743936446,0.009895842522382736,-0.5939540115735465,-0.039707256590876594,-0.6638579338346523,0.9580603837966919,0.7321639389003404,-0.0764445332790008,0.006790578317262488,0.9443919062614441,131.82448447021295,146.96040217821624,165.19354016216343,170.79595643308298,157.91862739153177,152.60729187311074,0.0,0.0,139.39244332421458,15.13591770800329,1.0,0.6645231567750636,0.03638824087115709,1.2870354124248573,-0.2387361060878696,0.5804726428489562,5.975149872019812,4.081730760516038,7.259469022148745,-0.4274220738782248,-0.024981198009197163,0.280833933062469,0.5120365098815441,0.4274220738782248,0.024981198009197163,-0.280833933062469,0.5120365098815441,0.20422512824007846,-2.3861149367928904,0.5099794788419315,2.448536596302106,0.897381833357465,-2.498366774368097,-0.37762811452946854,2.681367876101587,90.90337157060627,78.20648239612973,5.956193130470832,59.55872813991481,137.4407898141786,149.90893582104093,1.2174375231186851,1.6441117501476892,-11.166063083964717,11.351925931961974,-1.2174375231186851,-1.6441117501476892,11.166063083964717,11.351925931961974,7.978533614038539,3.714189713633808,-23.128658749166902,24.74645549153698,0.7367684439970359,-1.5700697108468553,64.10341173722658,64.12686911887549
videos/caminar_regreso/video1.mp4,caminarRegreso,93,3.4099999999999997,0.1951318728125989,3.682262215300999,-1.0244974759622374,0.9982977509498596,-0.3586059459461162,2.649453111472358,-0.6157399023756959,0.9997994899749756,0.5142341689090904,2.540425672032031,-0.14006863842480757,0.9997629523277283,-0.2998015068202786,0.005195469857305099,-0.13915193894441055,0.9887921810150146,0.2998015068202786,-0.005195469857305099,0.13915193894441055,0.9906063079833984,-0.1865865490029919,-1.7913347358877356,-0.20671768191437756,0.2310534119606018,0.35985507490841545,-1.79769483417656,0.16006535146046194,0.12759897112846375,-0.20959898524598172,-3.374522963313165,1.4051332648676953,0.010393336415290833,0.31300009321327577,-3.4321166389681674,1.2462838409482362,0.009536623023450375,-0.5871470352729765,-0.02806786669814284,-0.6399119838229615,0.9573751091957092,0.7112664731263678,-0.04986908401404389,0.08967524388845335,0.942959725856781,132.17687944475114,146.90224688492046,167.41981425956354,171.27280039295636,159.3530530546124,153.57891157547778,0.0,0.0,139.53956316483578,14.725367440169322,1.0,0.6611238870612276,0.03890705574074353,1.2974696958760972,-0.18895213520012585,0.27610897750265423,0.3568399575240022,2.2380237240141176,2.2830508342989893,-0.08630202019617678,-0.17497941301422412,0.2748352520687944,0.3370463609779246,0.08630202019617678,0.17497941301422412,-0.2748352520687944,0.3370463609779246,0.5910006604047369,-0.2059527730797761,0.7035213382707295,0.9416159507677868,0.9723281366440644,-0.06006568170514088,-1.0519763667403437,1.4337657296813298,9.610772032859607,-1.5860534535213653,-8.300827236717325,-153.2266340317039,-50.2829191773251,161.47964909081563,9.303274191328581,-4.090860409228008,-0.1636003907365806,10.164291153576759,-9.303274191328581,4.090860409228008,0.1636003907365806,10.164291153576759,10.548423604490685,59.458968101266755,5.278414348058127,60.61765243092989,2.0439900896345278,66.49912070898971,-18.391315969387502,69.02573037383347
videos/caminar_regreso/video1.mp4,caminarRegreso,94,3.4466666666666668,0.19392109171642224,3.8454989433264912,-0.9144858229603874,0.9981775283813477,-0.35685036440081996,2.7483777975092747,-0.5879979677535548,0.9997819662094116,0.5272826242848333,2.6234747995156145,-0.13776680556020948,0.9997261762619019,-0.3068519464526115,0.004615432454362068,-0.1375136649653379,0.9890004992485046,0.3068519464526115,-0.004615432454362068,0.1375136649653379,0.9906971454620361,-0.1956157184395054,-1.8664508860073843,-0.23633277329033897,0.21361033618450165,0.3694579088534319,-1.8731321547220963,0.18265379252217606,0.11930471658706665,-0.22891901189839198,-3.5294510594714845,1.3708996008460839,0.009806167334318161,0.3107428147736754,-3.592026173898715,1.3139993958792033,0.009121562354266644,-0.6136373909331722,-0.03154839583088175,-0.4935489051944493,0.9570773839950562,0.7215600324498236,-0.055139327749792244,0.08346591958535121,0.9389563202857971,132.78789717180857,147.84009304668254,167.43790371664016,171.888326949784,163.5473314553678,156.7446618061683,0.0,0.0,140.31399510924555,15.052195874873973,1.0,0.6725754301509871,0.042608064971003334,1.3429631492562222,-0.18144119332844108,-0.033021302622999384,4.451910764331608,3.000317809141364,5.368659685233307,-0.19228471724544197,-0.015819201898446295,0.04468019942925414,0.19804034906023898,0.19228471724544197,0.015819201898446295,-0.04468019942925414,0.19804034906023898,-0.24625007554127715,-2.0486222759904185,-0.8076843102534931,2.215817292652512,0.26189547122772083,-2.0573814694237176,0.6160483925922033,2.163544168856537,16.66411982883899,25.57762259351131,-8.430825821608735,111.68374927657105,20.789838685288537,113.91468767927431,-2.890437192252687,4.340733030430305,-6.276955981078371,8.160684211034132,2.890437192252687,-4.340733030430305,6.276955981078371,8.160684211034132,-22.834110980345834,-50.254622806653884,-41.21469950520607,68.88813535730402,-19.37543632953664,-54.47224875596118,45.4915843454331,73.56709633898089
videos/caminar_regreso/video1.mp4,caminarRegreso,95,3.4833333333333334,0.2066092950691957,4.179574884631786,-0.9491834848697768,0.9981633424758911,-0.37364614347374253,2.970924016568282,-0.5216281157878886,0.9997599720954895,0.5638366482961783,2.8332090411353037,-0.20200239611444062,0.9996958374977112,-0.3287832771350476,0.0023787586896998154,-0.1413214724154375,0.9894867539405823,0.3287832771350476,-0.0023787586896998154,0.1413214724154375,0.991082489490509,-0.22208713055075083,-2.035565046133223,-0.2614716534922904,0.20134113729000092,0.39213930988286005,-2.0434823818466827,0.1735493563670824,0.11328443139791489,-0.2646803443632868,-3.8393394764090645,1.443369216876839,0.009450756013393402,0.3326631503376316,-3.9089590122690585,1.3865761069269618,0.00896320678293705,-0.6746848455860616,-0.03677189225076067,-0.4493860617296429,0.9560613632202148,0.767307900453177,-0.06092578266784535,0.0006257824714731211,0.9368775486946106,133.08949300458846,147.7052642538343,169.12094079062138,171.17142038289117,162.71263208493545,157.89274990660016,0.0,0.0,140.39737862921137,14.615771249245824,1.0,0.7157537576072727,0.04754762620560894,1.4510332644258965,-0.1809076279755823,0.3460419096210943,9.111162035598953,-0.9462998702560742,9.166706174335499,-0.5981272004300764,-0.061000193581697795,-0.10384929409362526,0.6101326473768386,0.5981272004300764,0.061000193581697795,0.10384929409362526,0.6101326473768386,-0.7219476030339662,-4.612204367068331,-0.6856058236895844,4.718441777812644,0.6185836644389502,-4.645915285215994,-0.24830280422982692,4.693487921567789,8.225340893997151,-3.6771488958614573,10.338087606657101,127.07048921638216,-107.63502761993013,166.85048533281744,-11.06843135958094,-1.2322088640886772,-4.050804368805801,11.850634053958027,11.06843135958094,1.2322088640886772,4.050804368805801,11.850634053958027,-12.973568931618793,-69.91587521121579,3.329413269924781,71.18727477643539,9.72785981485171,-70.59637679433482,-23.573214458782644,75.06114915843523
videos/caminar_regreso/video1.mp4,caminarRegreso,96,3.52,0.20097107194307304,3.999387653761643,-1.0184176848354973,0.9981524348258972,-0.3605672981465216,2.8827889746030975,-0.5808517735608386,0.9997523427009583,0.5435761742563282,2.748472370271197,-0.17528595755551404,0.9996879696846008,-0.32137573547759996,0.0006356757537817591,-0.13644094205273055,0.9894983768463135,0.32137573547759996,-0.0006356757537817591,0.13644094205273055,0.9911418557167053,-0.22459938579076313,-1.9970953069003123,-0.27812168863341363,0.18857049942016602,0.3830371816952412,-1.9974799335408222,0.10721700362007973,0.10783172398805618,-0.2609923465869084,-3.7507555692648458,1.3878398677980615,0.009097825735807419,0.29888848864654094,-3.81981545021389,1.1970626591696367,0.008774378336966038,-0.6611865468019699,-0.03608111025799208,-0.5679515133899745,0.9554714560508728,0.7295603984784482,-0.07964211299091346,-0.03932029793595566,0.9332054853439331,132.28925280649742,148.0309202991523,167.0298920754101,170.3166516362056,156.02858771905238,157.52590594085217,0.0,0.0,140.16008655282485,15.741667492654898,1.0,0.6982804539887073,0.04575221902745165,1.4078153362185737,-0.18903443277908816,-0.15376972162152724,-4.914197205549358,-1.8882054536105606,5.266716162597082,0.20202386338493644,-0.0475386255250379,0.13310537352837115,0.24655750395376827,-0.20202386338493644,0.0475386255250379,-0.13310537352837115,0.24655750395376827,-0.06851605200033563,1.0491747063521113,-0.45409186748517905,1.1452778867798543,-0.24823985966233234,1.2546122265234692,-1.8090641658273459,2.2154882132270397,-21.824732675210353,8.881528508673465,-13.631226306616952,-382.50979748586303,-25.68833409148599,383.61366765496507,21.822301740409443,0.3671336742725425,6.462400026054447,22.762035376499405,-21.822301740409443,-0.3671336742725425,-6.462400026054447,22.762035376499405,17.82086048273538,154.40124745692114,6.314016987392875,155.5544762940482,-23.640641566398614,160.92347759289447,-42.566218952659604,168.12830984158347
videos/caminar_regreso/video1.mp4,caminarRegreso,97,3.5566666666666666,0.19300833029954792,3.760582674413278,-0.9854285531826168,0.9981327056884766,-0.3437027221264872,2.734782598829516,-0.584328957913192,0.9997426867485046,0.5153731549905282,2.6030122890835665,-0.08973293808985452,0.9996715784072876,-0.30812000355948743,-0.0047247017072442965,-0.14087604314068766,0.9893989562988281,0.30812000355948743,0.0047247017072442965,0.14087604314068766,0.9910502433776855,-0.1964392010681984,-1.907005688085587,-0.2451787462411996,0.17707987129688263,0.3647040959902076,-1.8913859277893663,0.1321487260403914,0.10216989368200302,-0.23550034702836461,-3.6058327561304173,1.1436500906614901,0.008852030150592327,0.28802232071078193,-3.673941902882087,1.1638176690818207,0.008558735251426697,-0.6328392841862487,-0.03418856387753546,-0.5479056500993001,0.9549034833908081,0.6897284068792999,-0.07201033008268648,0.11418274297704059,0.9235541224479675,137.38930762612523,149.43933002053356,167.40018982924735,171.78342037467274,163.8478124263042,157.62350767085533,0.0,0.0,143.41431882332938,12.05002239440833,1.0,0.677661623321545,0.04291760821601023,1.3344487219782706,-0.1685154740007616,-0.21716568118704865,-6.51286307313723,0.8997035905331054,6.578298632118956,0.3615199614030688,-0.14619211257343787,-0.12095730239883029,0.4082884829078126,-0.3615199614030688,0.14619211257343787,0.12095730239883029,0.4082884829078126,0.7680050378881291,2.4569896040379633,0.8984438834240194,2.726505284101648,-0.49999324650091675,2.893472884130615,0.6799560660085003,3.0140535545088483,139.09240417166768,38.41117421948855,-1.7289807154233112,-43.59997820694197,76.03388302209999,87.66469552435863,4.349893582312701,-2.6905496467745444,-6.928982070741857,8.61228332765858,-4.349893582312701,2.6905496467745444,6.928982070741857,8.61228332765858,22.814211542412675,38.39495175506869,36.88733866115996,57.92526497202334,-6.86600145923412,44.69619975292216,67.88236995915943,81.5653627446327
videos/caminar_regreso/video1.mp4,caminarRegreso,98,3.5933333333333333,0.2010651566129501,3.8843783451225997,-1.0847214698878291,0.9982260465621948,-0.3608771097741112,2.8425762360472184,-0.5849875654639657,0.9997401833534241,0.5330838676688017,2.71769059394385,-0.1545954800282073,0.9996805787086487,-0.3204808114092482,-0.006077439882347827,-0.14102596399352815,0.9890546798706055,0.3204808114092482,0.006077439882347827,0.14102596399352815,0.9908931255340576,-0.200816564750969,-1.9710197209582874,-0.13716302100413433,0.16737960278987885,0.38186150017599596,-1.9452535006048741,0.15859449625983715,0.09872075915336609,-0.24363307037854,-3.7885479036282255,1.2131324538240056,0.008768090046942234,0.3029907190556574,-3.840166832077121,1.088548552474392,0.00849298108369112,-0.660874579879384,-0.0473869026440094,-0.5964223683398203,0.9534263014793396,0.7177117631570372,-0.08842699715872354,-0.03524793357383285,0.9199879169464111,143.2359993715897,154.07948597614117,170.85893784478478,171.53382346398544,161.66116075126467,154.5029745694008,0.0,0.0,148.65774267386544,10.843486604551458,1.0,0.700380491668229,0.04305168947367262,1.390066707497767,-0.18489576137304325,0.21973162672915042,3.376245564799684,-2.707988637414882,4.333649566125841,-0.3371129413571125,-0.03689285932100538,-0.004088750532013377,0.33915031502305365,0.3371129413571125,0.03689285932100538,0.004088750532013377,0.33915031502305365,-0.11938264589374399,-1.745837260164555,2.945883415556325,3.4264309497156473,0.4679292050669556,-1.469115622241122,0.7212482787121567,1.702191978600757,159.45522942175862,126.54970788020756,11.915381124987247,269.70296285282495,-98.39160621676331,287.33703668838206,-19.05362462073222,2.98088872506634,3.1873241418222795,19.547003452295286,19.05362462073222,-2.98088872506634,-3.1873241418222795,19.547003452295286,-24.20148228496018,-114.62255084188686,55.83925996724471,129.77697738805492,26.397885042760155,-118.97968653741101,1.126151255554264,121.8781455385737
videos/caminar_regreso/video1.mp4,caminarRegreso,99,3.63,0.20741179344507635,4.281304080564497,-1.2054265340367443,0.9982708692550659,-0.3872296881186703,3.1261468782097275,-0.5636011732433821,0.9997305870056152,0.5681177081388782,2.98263743699014,-0.30530600730959156,0.9996877312660217,-0.32714971739285054,0.0035397685760655082,-0.10465996558727192,0.9869865775108337,0.32714971739285054,-0.0035397685760655082,0.10465996558727192,0.9896116852760315,-0.21558401159156104,-2.177052267862155,-0.10814462130660041,0.1588706225156784,0.42746335814088776,-2.1466008087597075,0.01368960151933456,0.09610225260257721,-0.2629060274804115,-4.197995729895131,1.255677847893602,0.008748263120651245,0.3442079264912191,-4.256734373639974,0.8416884863063938,0.008381381630897522,-0.7194075131749853,-0.06050582535910843,-0.6999820287869072,0.9449563026428223,0.8002457534861002,-0.10746211276441449,-0.17354520574013169,0.9170836806297302,145.66811859454708,155.67741452018646,171.3551764609146,167.45458863152683,161.08568258709843,160.11600859766202,0.0,0.0,150.67276655736677,10.009295925639378,1.0,0.6870026956235995,0.04522200500505197,1.527196078799967,-0.2172267951382434,0.17309009542162487,10.825247330233559,-3.291956294970413,11.31604684462985,-0.1818792540982449,0.26228750341127277,0.9917999565342609,1.0418934452708752,0.1818792540982449,-0.26228750341127277,-0.9917999565342609,1.0418934452708752,-0.40274855019796446,-5.619069461014568,0.7914109008418342,5.688802968671388,1.24368703540614,-5.491290222404547,-3.9519516747409793,6.878876927827763,66.33052426247367,43.57986938305332,-1.272041762932515,203.15459360274207,-15.926390660605385,203.78188563171202,4.233646016150934,8.15946443815304,27.16060110180748,28.67401037035211,-4.233646016150934,-8.15946443815304,-27.16060110180748,28.67401037035211,-7.72816102647874,-105.63360547772764,-58.7583413103952,121.12277140415955,21.15703173652321,-109.69567091354794,-127.45090782144918,169.48302013353785
videos/caminar_regreso/video1.mp4,caminarRegreso,100,3.6666666666666665,0.20401965322090648,4.299182677331646,-1.2503429042493617,0.9983510375022888,-0.39559980182875965,3.199650501655778,-0.5201656123592315,0.9997303485870361,0.5696313758564482,3.0452152303293465,-0.30926629847993464,0.9996994137763977,-0.3336444343432232,0.0038930121137042317,-0.0891968210936359,0.9853733777999878,0.3336444343432232,-0.0038930121137042317,0.0891968210936359,0.9887717366218567,-0.2253896079552885,-2.2586460610008783,-0.17387300339948455,0.1534975916147232,0.4138284758581321,-2.2289730592381045,-0.15192276959833464,0.09833088517189026,-0.29061421335557824,-4.338157101932707,1.204211681560097,0.008793596178293228,0.33233817009665667,-4.415773193595297,0.6395213802373225,0.008534600026905537,-0.7388071801569588,-0.07513167516614766,-0.7360080989952652,0.939321756362915,0.8282612399584087,-0.11748943286065021,-0.24148531785127167,0.9183611273765564,144.08416076461918,153.61065695316452,170.04667829359394,164.9341079328372,159.7807466905703,158.07805695731867,0.0,0.0,148.84740885889187,9.526496188545337,0.9999999999999999,0.6907672169544149,0.043507893506922135,1.561216432996281,-0.20735797770979153,-0.09251291520463269,0.48759809364952067,-1.2249919148895656,1.3217093976949361,-0.17712864410107312,0.009633914662874278,0.4217221225537096,0.4575116583476559,0.17712864410107312,-0.009633914662874278,-0.4217221225537096,0.4575116583476559,-0.2674253553743854,-2.225285267419729,-1.7925922388968403,2.869982191067672,-0.3718604258933364,-2.2465159221381006,-4.5167010304818875,5.0582311299031915,-43.19884990712446,-56.36611546423467,-7.243718471625207,-281.93588827047375,56.371755820386745,287.6075301629471,0.1295620908319576,-6.890552420410868,-15.547577290378669,17.006576921712064,-0.1295620908319576,6.890552420410868,15.547577290378669,17.006576921712064,3.6906325860976112,92.5577507344047,-70.47281290196385,116.39147455124436,-44.06038530816754,88.49384455272126,-15.402255156570224,100.04852593183706
videos/caminar_regreso/video1.mp4,caminarRegreso,101,3.703333333333333,0.1931726109192309,4.389189373090378,-1.8358426806636665,0.9984793663024902,-0.41454300903509794,3.209565376675161,-0.5824708761444065,0.999737024307251,0.5709698287202963,3.0671295771773193,-0.4904030226844687,0.9997145533561707,-0.33699401248847155,-0.005389570096771353,-0.08625631363076648,0.9843090772628784,0.33699401248847155,0.005389570096771353,0.08625631363076648,0.9880263805389404,-0.23975766283570787,-2.3239056073366675,-0.29374294289322556,0.15019723773002625,0.41928733632186,-2.295280812459995,-0.18538156070465708,0.10103275626897812,-0.3071470728466778,-4.446867092014712,1.2478367384947413,0.009154165163636208,0.33894793009987984,-4.524657629675161,0.7423069582309999,0.009016558527946472,-0.7521851031075515,-0.10508293119276575,-0.876884575766803,0.934528112411499,0.8427253106576801,-0.13705909150042794,-0.4471057266340382,0.9205762147903442,138.7290602420897,150.4154283573574,166.08183105779665,161.4961461573905,151.7431487378872,150.0637248017843,0.0,0.0,144.57224429972354,11.686368115267697,1.0,0.695799291635389,0.0391067049212996,1.5691737384631201,-0.2682184747072188,-0.2958284264093339,2.454728066147242,-15.968175720390132,16.158460328071474,-0.09135213123404545,-0.2531613330129705,0.08019565807825686,0.2808330749546981,0.09135213123404545,0.2531613330129705,-0.08019565807825686,0.2808330749546981,-0.3918560421932555,-1.779805809157888,-3.2691801680111183,3.742832997481017,0.14887801264712452,-1.8083932696879175,-0.9125124847178847,2.031041583835329,-146.0481960689859,-87.14259806746699,-5.544968487400942,53.64899924993786,-402.0868310591063,405.68803471041684,2.3393594418280275,-7.16714311843213,-9.314358122057802,11.983230378495739,-2.3393594418280275,7.16714311843213,9.314358122057802,11.983230378495739,-3.3935641859691845,12.149439770777478,-40.270579884934854,42.20005650348068,14.201957414739844,11.948799612277721,98.29605124810917,100.03291007241245
videos/caminar_regreso/video1.mp4,caminarRegreso,102,3.7399999999999998,0.17991696338030244,4.340458282194202,-1.780268063745993,0.998610258102417,-0.42506734125395484,3.175086691773368,-0.5803486547852887,0.9997510313987732,0.5576286749421072,3.0534868411621185,-0.4406274463604015,0.9997302293777466,-0.3334170664280179,-0.006236257312854472,-0.08799681478333633,0.9845888018608093,0.3334170664280179,0.006236257312854472,0.08799681478333633,0.9883121848106384,-0.24425274296613314,-2.3398232856030012,-0.4952332095172631,0.15085627138614655,0.4218287688119531,-2.303742393970244,-0.43241470425933765,0.11044134199619293,-0.3034261976234144,-4.437903878823795,1.2336165049854309,0.009313127025961876,0.34549945967384066,-4.560065649305662,0.6385587073803822,0.009682443924248219,-0.7477830287755683,-0.10418626351846094,-0.9668904460617248,0.9362640380859375,0.8294622949738043,-0.11506924103250592,-0.45297737233509133,0.9254693388938904,130.50383450057788,141.7218774018939,161.30645488433115,156.61683077117894,149.03634097284467,149.20982468173437,0.0,0.0,136.11285595123587,11.21804290131601,1.0,0.6897804592846922,0.03314033342203809,1.5571433832338717,-0.25524402528642254,-0.36151766015259457,-1.329029751713891,1.515671370482008,2.0479928717751195,0.09755307437600912,-0.023091469529539606,-0.04746821325190503,0.11091911266582127,-0.09755307437600912,0.023091469529539606,0.04746821325190503,0.11091911266582127,-0.12259309446614362,-0.4341184981727379,-5.495189089746478,5.513673101421162,0.06931179518435693,-0.23077040482498196,-6.737267551491288,6.741574976596506,-224.32433840486783,-237.09684423991385,-1.7915245566343825,-103.19339503257636,476.83219338742197,487.8739867929486,5.151960153001489,6.274632640457206,-3.4817419453680514,8.833812040390116,-5.151960153001489,-6.274632640457206,3.4817419453680514,8.833812040390116,7.343534938012141,36.700563026867734,-60.709334229146165,71.31957721706624,-2.1699877489845707,43.026078132625514,-158.85695636654737,164.59491131972663
videos/caminar_regreso/video1.mp4,caminarRegreso,103,3.7766666666666664,0.14310140065870144,4.2684972874830285,-1.6577244128399273,0.9987257719039917,-0.4344370035496914,3.1092925905525592,-0.5706761390098383,0.9997664093971252,0.543316068554637,3.0029816520403076,-0.3898532578714377,0.999745786190033,-0.32955467341000155,-0.01285535273479964,-0.0893923120069428,0.9850019216537476,0.32955467341000155,0.01285535273479964,0.0893923120069428,0.9886080622673035,-0.24170782163639945,-2.3329371626979047,-0.4155839470153633,0.14834408462047577,0.4174665497819296,-2.2961308930854076,-0.25732889850375007,0.11111919581890106,-0.2812430535315049,-4.397779338833925,1.2830715823940957,0.009177700616419315,0.3609959304629579,-4.518275027621327,0.8181552302603139,0.00968711543828249,-0.7381974128103977,-0.10011329011284166,-0.9571736884155067,0.9387954473495483,0.8052125093500433,-0.10166124830547311,-0.4371723897725139,0.9301401972770691,132.46861265064808,145.46570102137204,163.24246153085383,161.30932996975636,149.93869722199446,150.10156222799975,0.0,0.0,138.96715683601008,12.997088370723958,0.9999999999999999,0.683410647579493,0.0272197662512364,1.5280685606482167,-0.24013234922031904,-1.004060801498209,-1.9625725830320093,3.3420995701654244,4.003680653308162,0.10533799140044536,-0.18052078423486823,-0.03805901518926715,0.21244372104213627,-0.10533799140044536,0.18052078423486823,0.03805901518926715,0.21244372104213627,0.06940694535637337,0.18780335195717707,2.172252613688176,2.1814602542208203,-0.11896960990973139,0.20758638776826902,4.775067429697843,4.781057920024596,53.58485863827825,102.10428053122226,-17.523903854880395,-17.2784408541305,49.811678173184085,55.55929271592324,0.2123159188482613,-4.29352676469078,0.2566144926173966,4.306425562613819,-0.2123159188482613,4.29352676469078,-0.2566144926173966,4.306425562613819,5.236364722432282,16.961505003543135,209.11204645730874,209.86414686900474,-5.134947411656953,11.95518525254321,313.972772214249,314.2422565971098
videos/caminar_regreso/video1.mp4,caminarRegreso,104,3.8133333333333335,0.11248493430712085,4.084044842645481,-1.5690212315184149,0.9987727999687195,-0.45640924711779507,3.0389724270348517,-0.5429300095886328,0.9997734427452087,0.5190383162646695,2.934770873823386,-0.34890916689504253,0.9997510313987732,-0.32226225089246996,-0.016927657366536435,-0.08759811050605497,0.9854004979133606,0.32226225089246996,0.016927657366536435,0.08759811050605497,0.9888057112693787,-0.24289427285877757,-2.2662608685311865,-0.3875046109329593,0.1440204381942749,0.4002177639425208,-2.2329199060334783,-0.19400359266526987,0.10979297012090683,-0.2784625010921821,-4.268432811544712,1.5059433248850236,0.008827583864331245,0.34167091526047966,-4.38851092376456,0.9737987586989507,0.009428124874830246,-0.715933591203007,-0.07566719450548193,-0.9139816377996571,0.9412708878517151,0.7689737661299221,-0.08445866428302683,-0.3968954623680437,0.9342209696769714,128.93869096731632,144.26823600613912,163.93589455903324,163.33013265979932,149.24998676112733,150.82761286161866,0.0,0.0,136.60346348672772,15.3295450388228,1.0,0.6687688177492462,0.015657267286718596,1.4934358252145594,-0.22295979412091882,-0.8349945368612889,-5.030521222842205,2.419177672404885,5.644092509936062,0.19888425047813438,-0.1110628535928217,0.04893276820603163,0.23298995330428962,-0.19888425047813438,0.1110628535928217,-0.04893276820603163,0.23298995330428962,-0.03235776061031239,1.818444386365044,0.7658000749746541,1.9733820628062477,-0.4704214319838766,1.7239360105071624,1.7270537955949146,2.485149191672788,-96.27059136359357,-32.65813677907968,4.61089812646146,-83.67132654027807,-25.170597211651074,87.49691554868448,2.5512616112097004,1.8943071993285416,2.3725031835081487,3.9656155802115465,-2.5512616112097004,-1.8943071993285416,-2.3725031835081487,3.9656155802115465,-2.775401071818703,44.47202821112364,-38.357796510368786,58.79442743535555,-9.585049692931234,41.354989711060725,-83.1276445664435,93.33977524497722
videos/caminar_regreso/video1.mp4,caminarRegreso,105,3.85,0.06198083431294664,4.13484434936413,-1.7175425040861347,0.9988262057304382,-0.48195811408495215,3.088887921011445,-0.5100876891852907,0.9997755289077759,0.5076727737185953,2.994237129286988,-0.4020509661181046,0.9997584223747253,-0.3260913628853622,-0.018648892598630017,-0.09005115976168804,0.9849562048912048,0.3260913628853622,0.018648892598630017,0.09005115976168804,0.988464891910553,-0.24813408710550014,-2.3236265703143384,-0.33951013538953817,0.13811108469963074,0.4140553539415504,-2.2918412649436375,-0.16305912961119795,0.10751252621412277,-0.28221422421663794,-4.389046008339598,1.420227173863083,0.008609176613390446,0.35619923480880655,-4.498267897127889,0.9188701263407313,0.009257311932742596,-0.7267590931303929,-0.0640751912048287,-0.924984971868889,0.9393765926361084,0.7762541556281979,-0.08469797273569592,-0.5406985010251193,0.9370378851890564,133.3240360175405,147.44262800228628,166.10704749042577,163.38803572499103,145.6682259681201,147.87487559400688,0.0,0.0,140.38333200991337,14.118591984745791,1.0,0.6776210431148468,0.006428664908410792,1.5207812625746082,-0.2280346638258488,-1.3773845452956603,1.385441092326787,-4.050580160937814,4.49709182095607,-0.10443032707887995,-0.04694277905709769,-0.06690134333544734,0.13260885136178782,0.10443032707887995,0.04694277905709769,0.06690134333544734,0.13260885136178782,-0.1429040249106155,-1.564519139540507,1.3089402420933034,2.0448633831372445,0.3773888181553533,-1.6069461520952495,0.8439399014746887,1.8538966565328097,119.60031955156839,86.57432716764994,-14.792454775482858,174.9807904136998,-176.44794090934633,248.93969065465637,-8.272215751554935,1.7487293055197457,-3.159112132949426,9.025940233172687,8.272215751554935,-1.7487293055197457,3.159112132949426,9.025940233172687,-3.0148981172809934,-92.26264161560593,14.812913648690436,93.49281822317093,23.122097731069907,-90.8422407982476,-24.084924385097068,96.78340611575825
videos/caminar_regreso/video1.mp4,caminarRegreso,106,3.8866666666666667,0.04007919498629258,4.151715963240165,-1.9226315736339448,0.9988565444946289,-0.49201600858786976,3.0746646512407145,-0.4868320746857888,0.9997577667236328,0.5017559144306571,2.9933191370615657,-0.41067255562881805,0.9997616410255432,-0.3291128304501569,-0.018888016342376125,-0.10628545459923947,0.9851477146148682,0.3291128304501569,0.018888016342376125,0.10628545459923947,0.9886758923530579,-0.2712305830244113,-2.324092034334275,-0.3451196248413829,0.1370237022638321,0.396672904619292,-2.297661442057426,-0.1267975478270179,0.10837181657552719,-0.31792930840753514,-4.382879268248257,1.5803930668166482,0.008798527531325817,0.3234855263730524,-4.484166030275915,1.2091032389565768,0.009840765967965126,-0.7182012072435865,-0.011206836347250455,-0.92401609516821,0.935806155204773,0.7643266709432092,-0.05861877852635698,-0.7352469258485059,0.9409042000770569,130.9469794113016,142.68963304201338,166.98808449874073,163.63922754680627,139.81843116300843,142.1427079554117,0.0,0.0,136.8183062266575,11.742653630711771,1.0,0.6927297025178885,0.002434976460696847,1.51699594707557,-0.22437615757865173,-0.5973174361814744,0.46013492389187505,-5.593338260394819,5.643929939585353,-0.08240366085803606,-0.006521556647621105,-0.4427534955695844,0.4504037653739146,0.08240366085803606,0.006521556647621105,0.4427534955695844,0.4504037653739146,-0.6299044341521219,-0.012694473270993066,-0.1529860759594023,0.6483405627088197,-0.4740667996979566,-0.15873210310332164,0.9889522304776375,1.108134344426776,-64.82881653378766,-129.62713528017002,21.274557521295982,-25.2356227754976,-42.07522089428194,53.47679560236163,0.6007272605684696,1.1023969748039069,-10.250513242749191,10.327108698538204,-0.6007272605684696,-1.1023969748039069,10.250513242749191,10.327108698538204,-13.281829342950175,42.32249089825947,-39.87071776507379,59.64289028568852,-23.221516850544816,39.496746790688945,3.954881700080422,45.987747728602294
videos/caminar_regreso/video1.mp4,caminarRegreso,107,3.9233333333333333,0.027689121954149024,4.002792652849161,-1.8779780989260817,0.9987701773643494,-0.5176740941693715,3.0093925420914456,-0.4796592265970008,0.9997311234474182,0.4800267647631974,2.9709905104661463,-0.4238176645462867,0.9997567534446716,-0.3264235682710536,-0.021068753165818334,-0.10512955436804614,0.9843113422393799,0.3264235682710536,0.021068753165818334,0.10512955436804614,0.9880184531211853,-0.26664597600685114,-2.2827584051303673,-0.26579644386533463,0.13263943791389465,0.40104582862651494,-2.25050190367844,-0.06161592502344776,0.10775025933980942,-0.3051431841958032,-4.30829384471623,1.6710503753348893,0.00857554655522108,0.32990004632126346,-4.3809950448775545,1.2530039582695045,0.00998349953442812,-0.7008233826921176,0.010930223785462136,-0.9116944074042466,0.9330554008483887,0.7396577487223845,-0.009376654682783278,-0.8552037617311232,0.9438910484313965,132.16789558916375,143.96000992690767,168.7107830437166,164.8565732185471,139.65319994197068,141.38406787918862,0.0,0.0,138.06395275803573,11.792114337743925,1.0,0.6871636238462957,-0.009411832351543525,1.495095763139398,-0.2258692227858219,-0.3379110826948243,-4.061544828845574,1.2178220374871747,4.253636187019246,0.0733435139755434,-0.059474640639332985,0.03152455175981808,0.09955049615705577,-0.0733435139755434,0.059474640639332985,-0.03152455175981808,0.09955049615705577,0.12503473684254923,1.127280796470204,2.1633594811649535,2.442646090667676,0.11926156383335304,1.2861692285178004,1.7776806219155494,2.1974082457586497,33.29771394169463,34.64664231529882,7.074718731454094,-123.31853871102133,185.75891721496347,223.07821265158663,4.247650222733985,-1.4441750179557784,12.934855836256432,13.69082427766556,-4.247650222733985,1.4441750179557784,-12.934855836256432,13.69082427766556,20.589250118036485,31.090234629305375,63.17306064884606,73.35772284818489,16.18168264176299,39.40639995330332,21.510774311943052,47.72237024601551
videos/caminar_regreso/video1.mp4,caminarRegreso,108,3.96,-0.01638466567373311,4.08476107585142,-2.1525594345960215,0.9986779093742371,-0.5236950496964464,3.044675612015397,-0.4514351758945704,0.9996517896652222,0.4689387444464488,3.0044468817550682,-0.5657146578111507,0.9997425675392151,-0.31771017237125976,-0.02052315889580044,-0.10525314751669913,0.9844509363174438,0.31771017237125976,0.02052315889580044,0.10525314751669913,0.9881541132926941,-0.25506427618198696,-2.3147159418772674,-0.23401421555923851,0.14009739458560944,0.426529966336967,-2.27329795543263,-0.040541958175548405,0.11507251858711243,-0.290685734736597,-4.360104640344192,1.7059874744824117,0.009772931225597858,0.3555648438847254,-4.41194897284471,1.3037774143814436,0.012375684455037117,-0.7098209492639915,0.012914285302780493,-0.8851131703546576,0.9255579710006714,0.7365059374155029,0.019966456176404787,-1.0985588383495049,0.9466293454170227,133.25094176133064,143.96082286290707,170.09436353416405,162.7807385823091,134.8910995514977,138.79586190770706,0.0,0.0,138.60588231211887,10.709881101576428,1.0,0.6706390347762644,-0.01368907631249941,1.5122806234426163,-0.2542874584264303,-1.202012389851331,2.2355024455161496,-7.488581881907449,7.907032538904675,0.2376380699943781,0.014879843727760729,-0.003370722235990851,0.23812732692491997,-0.2376380699943781,-0.014879843727760729,0.003370722235990851,0.23812732692491997,0.3158645406781139,-0.871569184006365,0.8667880447117122,1.2691433193388642,0.6950219375577832,-0.6217105023869962,0.5747445503972551,1.0954043731317715,29.53762287727877,0.02217098180158866,-23.56639928608655,171.7376529371379,-237.4473796198534,293.99056906642915,4.480760618695491,2.02784957364801,-0.951689290794789,5.009501184909562,-4.480760618695491,-2.02784957364801,0.951689290794789,5.009501184909562,5.204449195515401,-54.5140903766337,-35.36103917599749,65.18646663707827,15.702555647029913,-52.03308357013081,-32.80734740504439,63.48491225023125
videos/caminar_regreso/video1.mp4,caminarRegreso,109,3.9966666666666666,-0.0024185269765237493,4.222811841607904,-2.197855309829322,0.9987143278121948,-0.5223321615527671,3.1111901420006522,-0.42231154731030845,0.999603807926178,0.46966986252595455,3.081591306863587,-0.5450140052410619,0.9997354745864868,-0.32317352823169737,-0.019735689194030855,-0.14088813724979854,0.9846398234367371,0.32317352823169737,0.019735689194030855,0.14088813724979854,0.9885135889053345,-0.25434728672091406,-2.36231108101597,-0.6528027027399208,0.14828963577747345,0.4686265286468609,-2.294943301700983,-0.3281099251546352,0.12795372307300568,-0.283984928264956,-4.455072304281081,1.398705591543761,0.010889511555433273,0.3868598539785242,-4.516398742253071,1.1080824765325596,0.015444114804267883,-0.7141589615025119,0.025513225727975587,-0.9022858712608551,0.921519935131073,0.7268996347422316,0.09818838978463022,-0.9077767630524891,0.9498071670532227,123.20620525559853,135.36903075460563,162.44426172584414,155.1465600265165,131.61111562024556,136.93405206936265,0.0,0.0,129.28761800510208,12.162825499007099,1.0,0.7062013707021678,-0.01316557475670313,1.5481953622160598,-0.2418313881378426,0.38089469174207347,3.7650208842677637,-1.2353420518172826,3.9807704040999194,-0.14900061437557127,0.021476446411897797,-0.9718633563572565,0.9834535089493415,0.14900061437557127,-0.021476446411897797,0.9718633563572565,0.9834535089493415,0.019554258029260998,-1.298049249237344,-11.421504195836789,11.495045555280331,1.1480880629971062,-0.5903276255005369,-7.8427627357932765,7.948302978357908,-273.9473592472392,-234.32160295367547,43.170193134365576,41.71413923868038,170.54290445700454,180.79993708050182,-10.54469139190771,0.17990734593101096,-26.41343547603452,28.4410347359292,10.54469139190771,-0.17990734593101096,26.41343547603452,28.4410347359292,-8.081189526786899,-11.63127450629943,-335.13524292405003,335.43437990249413,12.3563488756179,0.8558966423579824,-229.56838053246904,229.902268925078
videos/caminar_regreso/video1.mp4,caminarRegreso,110,4.033333333333333,0.0003156366202493773,4.312854716113217,-2.1122911819794656,0.9987743496894836,-0.5232480465680358,3.16244020327586,-0.41921482051409736,0.9995714426040649,0.46903171786129855,3.126123407939293,-0.5377979537183876,0.9997289776802063,-0.3127829183008423,-0.016177287768559416,-0.14667442345926932,0.9845269322395325,0.3127829183008423,0.016177287768559416,0.14667442345926932,0.9886417984962463,-0.2451400447264572,-2.3930739008210584,-0.65531538516837,0.15418988466262817,0.4929454734548494,-2.306677504055195,-0.32632695691444,0.13618086278438568,-0.2648401133863718,-4.505793120784169,1.3473400845163852,0.011475921608507633,0.4181234883155773,-4.5705409703218915,1.028471668856027,0.017247512936592102,-0.7111822151854815,0.020477262801566518,-0.9176012542078241,0.9190831184387207,0.7336499163299471,0.14940057443405622,-0.8473950993571954,0.9528135657310486,124.42403539643401,137.2054258156937,162.90080205372342,155.04771260799905,134.14538409973292,138.7165353248542,0.0,0.0,130.81473060606385,12.781390419259694,0.9999999999999999,0.6916884995934145,-0.013554082176684315,1.5721409028037883,-0.23925319355812127,0.07456809809381254,2.4557147592358093,2.333567123177897,3.3884555328879093,0.28338027084150147,0.0970473116037665,-0.15780780571283934,0.3385644135694455,-0.28338027084150147,-0.0970473116037665,0.15780780571283934,0.3385644135694455,0.25110659984882333,-0.8389859946842301,-0.06852770259406782,0.8784350117036235,0.6632439493087777,-0.32002370056942325,0.04862640655077799,0.7380191275535438,33.213549295512934,50.08350166603825,-8.35436164495257,-35.70834886450785,97.33388659077762,104.01330211078971,11.79220596046562,2.0610235961418737,22.201515017575012,25.223227564162034,-11.79220596046562,-2.0610235961418737,-22.201515017575012,25.223227564162034,6.315063867806245,12.519906942357656,309.6266316338924,309.94399351890956,-13.223021282408958,7.3719252253940075,215.2197038821106,215.75151103171262
videos/caminar_regreso/video1.mp4,caminarRegreso,111,4.07,-0.0019561946688772818,4.223609447204304,-2.1888960609352623,0.9987635016441345,-0.5315886938578972,3.093513104335274,-0.4263215986637152,0.9995498657226562,0.4644395308259106,3.0630080565860456,-0.5099709722121112,0.9997220039367676,-0.31288147993580157,-0.014455041003157745,-0.14340435144066815,0.9851567149162292,0.31288147993580157,0.014455041003157745,0.14340435144066815,0.9890544414520264,-0.2264291931191196,-2.3342577248192344,-0.5633741566841379,0.16080838441848755,0.4968437578060534,-2.23247679816057,-0.287164870524696,0.14455948770046234,-0.23899719839273587,-4.370196889351306,1.5953795161791269,0.012136698700487614,0.43285541047162296,-4.386647381261211,1.2417659069048714,0.019063634797930717,-0.6952614880204521,0.04752521116020961,-1.0131699840680355,0.9202420115470886,0.711309366524014,0.16665235155905897,-0.8984839671374096,0.9559063911437988,123.02544549336437,133.44101270091952,164.44251938547112,155.91556797108993,132.09367201378302,135.78106341128048,0.0,0.0,128.23322909714193,10.415567207555142,0.9999999999999999,0.6889661144333269,-0.016787290757996648,1.5391302902303299,-0.23407314271895657,-0.06195903515799979,-2.433961879333989,-2.0892239715217285,3.208249702761582,-0.002688044589797696,0.04697036632913648,0.08918378232548621,0.1008324745639505,0.002688044589797696,-0.04697036632913648,-0.08918378232548621,0.1008324745639505,0.510295952927389,1.6040775273224723,2.5074880495699645,3.0200932091528623,0.10631684594192685,2.023655615307949,1.0680569015384727,2.290683493200751,-38.14336099280821,-102.66581222111417,-3.7234672705039724,-133.35481741553997,-120.62157530998981,179.8525395058687,-7.801863148126341,-1.3657348711262733,6.73613421922706,10.397586476665818,7.801863148126341,1.3657348711262733,-6.73613421922706,10.397586476665818,7.068800538506338,66.62900514563734,70.25497505901906,97.08323124151742,-15.188921000914116,63.918526796655605,27.802649863300765,71.33911079098259
videos/caminar_regreso/video1.mp4,caminarRegreso,112,4.1066666666666665,-0.03463547271148885,4.029488380844847,-2.067983351541253,0.9988477230072021,-0.5291828601070413,2.9781350391656014,-0.22541291756877258,0.9995689988136292,0.43670629198585564,2.971117790440295,-0.48427369885785065,0.9997354745864868,-0.3115513024063454,-0.009125971624526247,-0.059801929757243695,0.9859667420387268,0.3115513024063454,0.009125971624526247,0.059801929757243695,0.9896395802497864,-0.22355002188189396,-2.2724878543789826,-0.5117868658781872,0.16563628613948822,0.45739541769423275,-2.168737351913695,-0.33553853414593965,0.15119068324565887,-0.2306457502479117,-4.233066656074547,1.6150990260404752,0.012338150292634964,0.410730087503599,-4.24142696418309,1.02505047351962,0.020030777901411057,-0.6824762795890448,0.07792016018759751,-0.5911702400053239,0.923364520072937,0.6767657725409019,0.1445724389821056,-0.8959128074126146,0.9595513939857483,121.3451450107327,136.18570134805225,165.42196086811217,158.41970191573046,126.6379592931266,135.1685564312843,0.0,0.0,128.76542317939249,14.840556337319555,1.0,0.634740161615356,-0.023119142030296413,1.487313207401474,-0.1774216541066558,-0.89125303752577,-5.294210900712477,3.2976193471093485,6.300578893764573,0.03627756898516879,0.14533825578085904,2.2800660459115765,2.2849814975889298,-0.03627756898516879,-0.14533825578085904,-2.2800660459115765,2.2849814975889298,0.07852285192433568,1.6846328301886866,1.4069261128895647,2.196268357454165,-1.075863821231472,1.7383485340056817,-1.319281735124826,2.4330727247964576,-45.8263767990458,74.85514492180181,-22.61710915548464,-78.00679149214056,146.91390868993847,167.86985945072146,1.0626985520445404,2.6827606214106154,59.75133446143882,59.820970425821706,-1.0626985520445404,-2.6827606214106154,-59.75133446143882,59.820970425821706,-11.775630027356002,2.1969628054422072,-30.015325545829086,32.317361831247375,-32.24129092291088,-7.781102217334558,-65.1092355453627,73.07023296386774
videos/caminar_regreso/video1.mp4,caminarRegreso,113,4.1433333333333335,-0.022922581461867854,4.042745874191686,-1.8595411813970932,0.9989335536956787,-0.5241039785388172,2.951998126077915,-0.16584296038125512,0.9995883107185364,0.44439032916326465,2.9602970536782087,-0.41474033632031654,0.9997494220733643,-0.3191922482980123,-0.0025055821727554997,-0.016085381395177192,0.9868593811988831,0.3191922482980123,0.0025055821727554997,0.016085381395177192,0.9903161525726318,-0.23724658194360215,-2.2918468337795987,-0.49641022763248727,0.16685369610786438,0.407669244195157,-2.186711089083123,-0.3824478225055863,0.15459412336349487,-0.23804900243028096,-4.255021941569107,1.625452932022449,0.01187960710376501,0.3858937494073305,-4.272684733208564,0.8607211632696626,0.019662845879793167,-0.6785518926681798,0.09355178984410857,-0.4656686064300152,0.9268068671226501,0.6758769238661985,0.13339844221412225,-0.8003423506696078,0.9628560543060303,120.90439780832588,138.80370099736507,165.14050910518284,160.8218746648091,130.62531599544013,138.42044591807704,0.0,0.0,129.85404940284548,17.899303189039188,1.0,0.6392142326644258,-0.019928412343888133,1.4780737949390308,-0.1451458241753929,0.3194424886260271,0.36156800036834275,5.684786458477082,5.705223220954142,-0.20838943340909774,0.180556075957384,1.192269500783632,1.2237373962662677,0.20838943340909774,-0.180556075957384,-1.192269500783632,1.2237373962662677,-0.37354254713749613,-0.5279721654713495,0.4193628612463625,0.77081375923579,-1.3561683681566117,-0.4901928318934838,-1.2793442279903628,1.9277456546237053,-12.02037824745849,71.39999043580423,33.018968895049014,154.24851548402236,65.10455758275637,170.6501106180812,-6.672736428934542,0.9604860048143167,-29.667178503489396,30.423501198471183,6.672736428934542,-0.9604860048143167,29.667178503489396,30.423501198471183,-12.329056338049957,-60.34377260891007,-26.93354322663279,67.22196273245488,-7.64466946159472,-60.77840088815906,1.0892047400308147,61.26696787555688
videos/caminar_regreso/video1.mp4,caminarRegreso,114,4.18,-0.03040339027203118,3.9989875785004507,-1.7531420137291267,0.9990230202674866,-0.5342958030453202,2.8848270545879555,-0.21146642358917395,0.9996153116226196,0.4436711059720136,2.9375052664189223,-0.41347070786397333,0.9997680187225342,-0.3229011984723468,-0.0014062643750171384,-0.006820477681741374,0.9874711036682129,0.3229011984723468,0.0014062643750171384,0.006820477681741374,0.9907855987548828,-0.22903955495315234,-2.282413366760217,-0.425200209689026,0.17260406911373138,0.39699538298588516,-2.180137595154277,-0.3523313815951777,0.16091769933700562,-0.23280126401457002,-4.248519204621723,1.444182403833305,0.011802301742136478,0.36950829757760795,-4.258468546957585,0.6686244324086908,0.019610172137618065,-0.6834199777294481,0.0771140204057232,-0.5289945997688108,0.929295539855957,0.660590353101011,0.11959976529432761,-0.9579679759829738,0.9658397436141968,126.01285520428155,144.39928172376293,165.45513184318767,161.99975929487726,132.13334914312676,139.43544601110153,0.0,0.0,135.20606846402222,18.386426519481375,1.0,0.6459525693738742,-0.022656174268326654,1.4555830802517193,-0.15623428286328683,-0.20402205845899984,-1.1934080643064215,2.901795481853633,3.144243124632,-0.10115318657275854,0.02998139448377349,0.2526791921846132,0.2738204253376355,0.10115318657275854,-0.02998139448377349,-0.2526791921846132,0.2738204253376355,0.2238280088304494,0.2572763732558689,1.9420913984580346,1.9718035170212527,-0.2911053057074135,0.179277107150339,0.8213574793747801,0.8896688648503404,139.3215653442455,152.6067470835779,-14.276305829591646,-42.408438127493575,-75.89975390791224,88.1082355732716,2.924624913718342,-4.106582222007559,-25.62519023451869,26.116428220323748,-2.924624913718342,4.106582222007559,25.62519023451869,26.116428220323748,16.29192425367124,21.415869238015045,41.528960105772875,49.4845509080763,29.047174430432676,18.25827106483153,57.29186474632208,66.77919264845681
videos/caminar_regreso/video1.mp4,caminarRegreso,115,4.216666666666667,-0.015511606290170678,3.915610591748392,-1.7803887234905673,0.9991062879562378,-0.5304834568426265,2.8477541703830545,-0.2127819589196994,0.9996415376663208,0.44738536041852406,2.9023235190421253,-0.4147590923165355,0.9997837543487549,-0.3176467950550448,0.0029119229860882826,-0.006082417715158058,0.9878659844398499,0.3176467950550448,-0.0029119229860882826,0.006082417715158058,0.9910404086112976,-0.24443965105812523,-2.290647633280006,-0.41619031730259215,0.17159615457057953,0.378661850905587,-2.183629799669866,-0.350388225242065,0.1616663932800293,-0.24790005936019874,-4.264078881461597,1.3822200440062602,0.011388920247554779,0.35150002549333625,-4.258424461696201,0.6126408640073899,0.01921558380126953,-0.6719489692519528,0.05773093574477218,-0.49056891347504733,0.9322522878646851,0.6579585133552911,0.08530651631043763,-1.021118463035173,0.9685970544815063,127.49422450952338,145.74614728394397,165.51596781122663,162.00222017426594,130.84146855225808,138.7513069651581,0.0,0.0,136.6201858967337,18.251922774420592,1.0,0.6354367364560541,-0.02077452410602562,1.4375194223562948,-0.15688526280905873,0.40613956314165006,-2.2739178205106896,-0.7430920844029258,2.4264866463855226,0.14330191138096335,0.11776874621196602,0.020128908179544984,0.18657461867648686,-0.14330191138096335,-0.11776874621196602,-0.020128908179544984,0.18657461867648686,-0.42000262104471525,-0.22457090508516006,0.24572433781183223,0.535924195468223,-0.5000054203717675,-0.09524194133424434,0.052995173266710195,0.5117469454523713,40.400981052049836,36.73269709584665,16.64077149819954,-29.468447896480036,-99.40602453426979,105.0088682502135,6.666957216919688,2.3942005016779784,-6.342280472865497,9.50815629714634,-6.666957216919688,-2.3942005016779784,6.342280472865497,9.50815629714634,-17.55901717841358,-13.14128940930079,-46.26455619944188,51.199821600686654,-5.697275854482383,-7.486883140488637,-20.95533562112918,22.970382284924348
videos/caminar_regreso/video1.mp4,caminarRegreso,116,4.253333333333333,-0.0027260964205602584,3.8839462906156865,-1.7836568629860123,0.9991847276687622,-0.5221668110802198,2.860141976762583,-0.1884162637677716,0.9996675848960876,0.4488485826640148,2.921786665795379,-0.41934707034363516,0.9997993111610413,-0.32121277663543885,0.004454616810387518,0.0014658635159979171,0.988516092300415,0.32121277663543885,-0.004454616810387518,-0.0014658635159979171,0.9914866089820862,-0.2507570204159606,-2.3062908226660905,-0.31834835546554013,0.17370779812335968,0.3701950954749111,-2.1960432828744354,-0.3477816467134036,0.16392089426517487,-0.2559422800261038,-4.284321834946699,1.4435251712800004,0.01111555565148592,0.3438131235248499,-4.273478470683554,0.723448939792215,0.019071897491812706,-0.6757042227713194,0.050176795379498665,-0.26836021206048616,0.9358088374137878,0.6579275481063365,0.08287661286018676,-1.0682834671218167,0.9711517095565796,130.40124345885636,143.6943187710027,168.1096136939405,162.49364004005517,132.87177173656335,139.98409397070887,0.0,0.0,137.04778111492953,13.293075312146357,0.9999999999999999,0.6424940162853604,-0.01832955710405125,1.4454821606394903,-0.1519408335278517,0.3486957237166478,-0.8635718490737884,-0.08913107714850059,0.9355690221275236,-0.09725404310165624,0.0420734679354337,0.20586221539516295,0.23153353392357065,0.09725404310165624,-0.0420734679354337,-0.20586221539516295,0.23153353392357065,-0.17229189157732805,-0.42663243780230303,2.6684171410105093,2.7077942631092062,-0.23091151174570723,-0.3385495419427978,0.07108850532712808,0.4159200574581745,79.28233498180852,-55.95895944385244,-1.5666501661364252,38.46398103918821,17.835300197847964,42.42676234729019,-6.56061694043508,-2.0644166802690633,5.065453833153217,8.541799190141589,6.56061694043508,2.0644166802690633,-5.065453833153217,8.541799190141589,6.755747167292379,-5.510769074103899,66.07344008723665,66.64614152775935,7.338924780710736,-6.63566183477873,0.4934545107386697,9.90632738590026
videos/caminar_regreso/video1.mp4,caminarRegreso,117,4.29,-0.01973188676860803,3.758039484653261,-1.6748497791099515,0.9992610216140747,-0.49970124001398375,2.745834773885553,-0.13161042254650313,0.9996912479400635,0.44578253239681515,2.8189443873185387,-0.4489673517784393,0.9998134970664978,-0.31456231345430874,0.0035386106408876144,0.020886405957478836,0.9892873764038086,0.31456231345430874,-0.0035386106408876144,-0.020886405957478836,0.9920063018798828,-0.24223458279593163,-2.2291694406449354,-0.16359713276244967,0.18226048350334167,0.35648816546832146,-2.1266007991215656,-0.17258240987901835,0.16880477964878082,-0.24549998808967874,-4.117941307977287,1.6471654495682087,0.011143967509269714,0.33520605313876906,-4.108651363941842,0.8609009423075431,0.019375307485461235,-0.6394443660927944,0.058611997461065074,-0.09154406798294304,0.938603401184082,0.6329722516981199,0.08431550017456733,-1.1472479155442163,0.9734435081481934,131.4549900754787,148.33185912354594,171.85270690674562,166.74758741787147,133.10116702474338,143.23421418287245,0.0,0.0,139.89342459951231,16.87686904806725,1.0,0.6305496420261142,-0.013479676904292151,1.3911947903010229,-0.14514444358123563,-0.46379428221948465,-3.4338219807934176,2.967465923892569,4.562027240324535,0.18137626857627562,-0.024981986440906465,0.5296511574949342,0.5604032468543616,-0.18137626857627562,0.024981986440906465,-0.5296511574949342,0.5604032468543616,0.2324301169098809,2.103310418758777,4.220487891902467,4.7212770012573175,-0.37382536381608067,1.8938859205328118,4.778161004574144,5.1533845061529835,28.738544089700017,126.4783732511789,-22.158818343712703,-70.09773086508079,83.36173639202917,111.14802830962464,7.599008500307232,-1.8287851193547318,8.830607511811944,11.792752614558843,-7.599008500307232,1.8287851193547318,-8.830607511811944,11.792752614558843,11.037872958742062,68.99844154257491,42.329202297053385,81.69688452971953,-3.8976505110101844,60.88460352206208,128.3747045249186,142.13441310043402
videos/caminar_regreso/video1.mp4,caminarRegreso,118,4.326666666666666,-0.028059851853696173,3.729522473631276,-1.652185880377506,0.9993322491645813,-0.48613167179034195,2.7305037633701215,-0.10213713728089924,0.9997159242630005,0.44863209336762483,2.806750006389389,-0.4491287996780643,0.9998282194137573,-0.3144530540270866,0.0043993683319718865,0.03190653866696387,0.9898576140403748,0.3144530540270866,-0.0043993683319718865,-0.03190653866696387,0.992350161075592,-0.2293004684259507,-2.2323019560692114,-0.07733954792230532,0.19303087890148163,0.36375672979232787,-2.128586644182792,-0.1357527855685199,0.1764199584722519,-0.22634600290330578,-4.122944747549851,1.6444799507198538,0.01129966787993908,0.3546794290396097,-4.103794128875115,0.7733204710244889,0.01948479562997818,-0.6434484267273894,0.0589040197381355,-0.16497250671118258,0.9414246082305908,0.6268294205150312,0.09012721716621967,-1.2123869011320938,0.9754083156585693,134.84176312039563,152.44483332186886,174.21856049865917,168.06111318356585,131.63230402496137,141.4806338838666,0.0,0.0,143.64329822113223,17.60307020147323,0.9999999999999999,0.6321965037498662,-0.00937489460567928,1.3843134424398778,-0.13781648423974088,-0.22712632050240394,-0.7777366642359547,0.6181063290666942,1.0190761102067574,0.002979802560603252,0.023475209756843782,0.3005490738950464,0.30147920411795914,-0.002979802560603252,-0.023475209756843782,-0.3005490738950464,0.30147920411795914,0.35274857372675267,-0.08543223884389257,2.352479586549391,2.3803130947066045,0.1982335724729021,-0.054159410760715426,1.00444429937723,1.0252502824094865,92.36653758864371,112.172023590625,6.454580774102201,72.43869045156717,-64.07344349525113,96.92487631483735,-4.8653581640637915,1.3215598963022794,-6.248238643633303,8.028618609196057,4.8653581640637915,-1.3215598963022794,6.248238643633303,8.028618609196057,3.281412458641957,-59.6929815709819,-50.94568105508389,78.54605104474476,15.601607353335893,-53.128509035278014,-102.91954650537038,116.8695070460656
videos/caminar_regreso/video1.mp4,caminarRegreso,119,4.363333333333333,-0.036352489564593825,3.730375307521476,-1.6547558780543326,0.9993964433670044,-0.4895690089885141,2.7395339876427958,-0.10095917589877823,0.9997380375862122,0.4449946999147732,2.81366018541941,-0.4489476538748663,0.9998413324356079,-0.31153445063313984,0.005963633796857022,0.03860400922090382,0.9900857210159302,0.31153445063313984,-0.005963633796857022,-0.03860400922090382,0.9923604726791382,-0.22470953255807796,-2.23857961358161,-0.08576121461742847,0.19908085465431213,0.37199367378490394,-2.125684220251839,-0.1475822177765487,0.18085606396198273,-0.21444964938168648,-4.127200216501995,1.4988105436505745,0.01131909154355526,0.3683683045525242,-4.1168047887510015,0.6288989769473629,0.019358843564987183,-0.6426970104556219,0.050273024239922824,-0.22933634850807827,0.9430132508277893,0.6282261448135509,0.09674054492025792,-1.1694672784829854,0.976893961429596,136.79904364963488,155.69410447965444,173.7297968504856,167.97932189740334,132.24019737563302,141.00138097772023,0.0,0.0,146.24657406464468,18.89506083001956,1.0,0.6279476041431574,-0.01114357726843522,1.3882985432655515,-0.13747670744341112,-0.22616284666084505,0.023259106096353642,-0.07009084573163263,0.23791457685798462,0.07959827438036683,0.04266178540595823,0.18265828783472582,0.2037644800574176,-0.07959827438036683,-0.04266178540595823,-0.18265828783472582,0.2037644800574176,0.12520734185107463,-0.17120884124723498,-0.22968181895790404,0.31263890310459475,0.22464392707025654,0.07915701629871127,-0.3226208784007852,0.4010174040848544,53.38037807016153,88.61648612142507,0.026276559315242684,21.845339190881134,-18.769013858136184,28.80096206776997,2.089594685993552,0.5232702449758486,-3.215203256190562,3.8701097761727596,-2.089594685993552,-0.5232702449758486,3.215203256190562,3.8701097761727596,-6.205669960245765,-2.3393618837275203,-70.4225837865626,70.73417321814091,0.7202823981096665,3.6359025561661826,-36.19268666667314,36.38198953167545
videos/caminar_regreso/video1.mp4,caminarRegreso,120,4.3999999999999995,-0.03381561553152501,3.714789494375452,-1.6661879098489907,0.9994534850120544,-0.4985717605934706,2.736266835969258,-0.12786972880547512,0.9997575879096985,0.4391574480849534,2.810230428258764,-0.46727114042152695,0.9998530745506287,-0.3126212667285527,0.0032435068524407124,0.034337349686002945,0.9895311594009399,0.3126212667285527,-0.0032435068524407124,-0.034337349686002945,0.9917458295822144,-0.2237921149745622,-2.237421092920707,-0.05993767381147596,0.19060905277729034,0.3782486104868709,-2.1269254017132866,-0.13821279955112167,0.17260320484638214,-0.21229445074240852,-4.13104100789354,1.4556935212468343,0.010760750621557236,0.37220090097556074,-4.12693793503883,0.6423706472002766,0.018333688378334045,-0.6481329647949434,0.048103049572362416,-0.2750052042215191,0.9429968595504761,0.6206812694015246,0.1092734739479735,-1.1889417557837494,0.9779484868049622,138.88149450821953,155.80606217534287,173.98137658740296,167.67538046545124,132.3259203577112,140.82152997688948,0.0,0.0,147.34377834178122,16.92456766712334,1.0,0.629036184431788,-0.0148535781271293,1.3866243160570053,-0.1487852173067505,0.06918747362914944,-0.4250676312552008,-0.311782685308858,0.5316745625911532,-0.029640438965806096,-0.07418528030226298,-0.11636344186093289,0.14114695192363777,0.029640438965806096,0.07418528030226298,0.11636344186093289,0.14114695192363777,0.025020479550430016,0.03159601802462866,0.7042783856168867,0.7054306324501894,0.17058918278091745,-0.03385040349402195,0.2555295879661917,0.30909851087435064,56.79411432503591,3.0533917005935893,8.055008735181667,-12.227092836860574,-6.5915956248334195,16.057213265270633,-2.979237636713807,-3.1867381556787606,-8.155138082608874,9.248644988066548,2.979237636713807,3.1867381556787606,8.155138082608874,9.248644988066548,-2.732368971835762,5.531041616505372,25.47164194294884,26.208067552407517,-1.4742202988001571,-3.0820205398018152,15.767739991826641,16.13362329258384
videos/caminar_regreso/video1.mp4,caminarRegreso,121,4.4366666666666665,-0.05328768817649969,3.732457653789676,-1.7308832673277625,0.9995031356811523,-0.5027930630566612,2.747504714158296,-0.12664965304354298,0.9997742176055908,0.43248591032443534,2.8209537510844354,-0.4728554891090616,0.999862790107727,-0.31297524131619114,0.001274707797158777,0.03394851342283705,0.9897492527961731,0.31297524131619114,-0.001274707797158777,-0.03394851342283705,0.9918138980865479,-0.22735265212086617,-2.2451194091066156,-0.0810816204744452,0.187801793217659,0.3788507275356759,-2.1322602643657875,-0.14226036972279063,0.16858047246932983,-0.21315616496233986,-4.1520182980106775,1.4733580298567994,0.010470394976437092,0.37261830619518616,-4.138328342535358,0.6857796708003064,0.017759671434760094,-0.655176666874358,0.05121484603878221,-0.22104453833717647,0.943876326084137,0.6216217877659259,0.11096136827937457,-1.2014541316278542,0.9792138338088989,137.85472433446472,154.591175746664,173.4867077124179,167.53704891391675,130.09612370846148,139.4957340085103,0.0,0.0,146.22295004056434,16.736451412199273,0.9999999999999999,0.6296272806050156,-0.017576788183056455,1.3921146163106828,-0.14987628553815113,-0.5310565266811276,0.48185889311520164,-1.7644188403301417,1.9045689463804645,-0.009653852390138646,-0.05369451968950733,-0.010604625359069874,0.05557658130601147,0.009653852390138646,0.05369451968950733,0.010604625359069874,0.05557658130601147,-0.09710555853556285,-0.20995407779750588,-0.576653090808252,0.6213203613443028,0.01642137405831745,-0.1454962541591165,-0.11038827740915337,0.18336955387865675,-28.00282292058579,-33.13326623669675,-16.37029091755301,24.73435975555643,-39.61734968239865,49.49049780614518,0.5450887247909305,0.558838925802427,2.8843313591417186,2.9881081058446544,-0.5450887247909305,-0.558838925802427,-2.8843313591417186,2.9881081058446544,-3.3307101296179873,-6.587729886058215,-34.93449481159469,35.70589226949161,-4.204576601525455,-3.04488683632076,-9.97957814660032,11.24907908356046
videos/caminar_regreso/video1.mp4,caminarRegreso,122,4.473333333333334,-0.05248034733715577,3.7742670441855624,-1.6085430092017436,0.9995495676994324,-0.5094041367367445,2.781064971544476,-0.08224169582875968,0.9997917413711548,0.4305706625054842,2.845467440404342,-0.4173531680201578,0.9998723864555359,-0.3182867164894937,-0.003747254906255851,0.036130352557044304,0.9902119636535645,0.3182867164894937,0.003747254906255851,-0.036130352557044304,0.9920861721038818,-0.2289959960663257,-2.2686921202065613,-0.07933817901094119,0.1888599395751953,0.39146690288275166,-2.1518450326761442,-0.12217090721450184,0.16673746705055237,-0.20454985158624947,-4.2004065080477835,1.4943453948339902,0.010235518217086792,0.37985171029914366,-4.167787360749806,0.7160965456430703,0.01714748702943325,-0.6630611753610482,0.05944413172013817,-0.2235361762326233,0.9456919431686401,0.6277633627159925,0.12227538323363729,-1.1953236782384615,0.9802265763282776,137.8941760755778,155.03855264673692,174.4013777771125,169.22925365848275,132.8180126066517,141.961507610011,0.0,0.0,146.46636436115736,17.144376571159114,1.0,0.6407054805100144,-0.019708368557815062,1.4066331029872046,-0.12489871596222937,0.022018386527561384,1.1402561017059953,3.33655249434597,3.5260815836207398,-0.14485841381734224,-0.13696261918403532,0.05950470366019785,0.2080469390909547,0.14485841381734224,0.13696261918403532,-0.05950470366019785,0.2080469390909547,-0.044818471239805514,-0.6428921209076112,0.0475484035501094,0.6462041667844025,0.34407750946570265,-0.5341300448279104,0.5478944320442397,0.8389711234441065,1.0759565758113674,12.20118818380704,15.08386126932788,17.956287507021646,139.11740003662123,141.08012661171117,-3.6873971298328256,-2.2709481680325814,1.9120726096163925,4.733933337029065,3.6873971298328256,2.2709481680325814,-1.9120726096163925,4.733933337029065,1.4260114717024728,-11.807401175730146,17.023677118864402,20.766651484758153,8.936076420201415,-10.599103381876198,17.953164803274355,22.68282567805229
videos/caminar_regreso/video1.mp4,caminarRegreso,123,4.51,-0.06089289475919371,3.7663172253352966,-1.5516878354193917,0.9995918273925781,-0.5132514618088478,2.7637950792020813,-0.09834831731288424,0.9998084306716919,0.42615734720549986,2.836067530519615,-0.4334420091765178,0.9998816251754761,-0.31856863383635603,-0.00411362562220057,0.039779549009722734,0.990516722202301,0.31856863383635603,0.00411362562220057,-0.039779549009722734,0.992188036441803,-0.22393947194608627,-2.2576015573039783,0.05349444301230458,0.1915946900844574,0.39733258067442856,-2.135601864235898,-0.03863581329118809,0.16559799015522003,-0.19223191997725605,-4.172214474664535,1.4890476888486606,0.010218107141554356,0.38569392572190675,-4.1085871514571,0.7267776867455011,0.016662493348121643,-0.6592390905510634,0.05888493483803111,-0.22709698142180545,0.9474100470542908,0.629017634897292,0.12037866136910692,-1.2043742979914493,0.9809882640838623,143.4651899633347,158.6929773362141,177.0208794677063,171.0395208073349,132.04906845555527,145.5000024142232,0.0,0.0,151.07908364977442,15.227787372879419,1.0000000000000002,0.642138019119064,-0.021773528650836996,1.399965652430424,-0.1329475816223505,-0.2294331115101256,-0.21681324137088545,1.5505956486095984,1.582401466056572,-0.007688654914427374,-0.00999192861667415,0.09952353961850263,0.10031893634837603,0.007688654914427374,0.00999192861667415,-0.09952353961850263,0.10031893634837603,0.13790520327925734,0.30246989734317364,3.622707873361248,3.6379277369958656,0.1599730306820974,0.4429955029158116,2.278229834272193,2.3264065775176,151.93674239336974,99.66612789483261,-6.857768128300553,-37.01098208391493,-48.70791397462832,61.557312013092314,3.7409934246249508,3.462837015473487,1.0914227988628578,5.2132020606051785,-3.7409934246249508,-3.462837015473487,-1.0914227988628578,5.2132020606051785,4.9833729414289865,25.782600497748675,97.50434917666742,100.97858487157245,-5.021031239552871,26.64887857482878,47.190965515307816,54.42757306982836
videos/caminar_regreso/video1.mp4,caminarRegreso,124,4.546666666666667,-0.059475218400521446,3.7484832008398987,-1.5901858763024561,0.9996294975280762,-0.5125482105977144,2.7420183660443613,-0.1079782314693964,0.999821662902832,0.42742145920100505,2.8183307289394084,-0.4405942911055194,0.9998894333839417,-0.3172031305450874,-0.009604862626602335,0.03808883502835169,0.9901770949363708,0.3172031305450874,0.009604862626602335,-0.03808883502835169,0.9917290210723877,-0.21939944742490755,-2.2500719772781577,0.01724927904275839,0.18596047163009644,0.3943318381379276,-2.1231244795443986,-0.055652281814713836,0.15947474539279938,-0.19016422579408337,-4.166132814625886,1.449146731066945,0.009846583008766174,0.3881498594047941,-4.0917317148932675,0.7117722201771565,0.015864716842770576,-0.66374047188714,0.04861589625959872,-0.20646216673519605,0.9476754069328308,0.6345180275813072,0.10997289168795371,-1.1991991699292732,0.9815503358840942,142.66907866781602,158.12037485944523,176.10982456435653,170.36443996780028,133.68599484204088,143.86939807086281,0.0,0.0,150.39472676363062,15.451296191629211,1.0,0.6392521842512442,-0.021281687849177333,1.3900872737459424,-0.13714313064372896,0.03866390069106178,-0.48638248623812286,-1.0499465695381203,1.1577783116904086,0.03724099885278029,-0.14976100921095722,-0.04611038131011937,0.16106340099476915,-0.03724099885278029,0.14976100921095722,0.04611038131011937,0.16106340099476915,0.12381885057760132,0.2053521825223801,-0.9885044718967143,1.0171733960268847,-0.08183843281366242,0.3402923097681592,-0.4640855051870657,0.5812673578461801,-21.71212624141829,-15.616431184605775,7.311736696396019,-7.351888496379202,-70.92387867675596,71.67780914994414,1.2253541936511179,-3.8118840162077205,-3.971834207144236,5.639806700761947,-1.2253541936511179,3.8118840162077205,3.971834207144236,5.639806700761947,-0.38417325549970965,-2.6486649496580057,-125.7603366888535,125.78881229743597,-6.594858095338904,-2.8009961767541554,-74.79041834888888,75.1328450791108
videos/caminar_regreso/video1.mp4,caminarRegreso,125,4.583333333333333,-0.05378085268831287,3.805594328097311,-1.569232345910285,0.9996625185012817,-0.5245673341343647,2.773935354372961,-0.1153627547883859,0.999830424785614,0.431483559457717,2.851424199895768,-0.39813858063162266,0.9998949766159058,-0.3210749049845436,-0.014403360789797133,0.03765164505091772,0.9904354214668274,0.3210749049845436,0.014403360789797133,-0.03765164505091772,0.9918942451477051,-0.21970529963820698,-2.285656393470847,-0.012340111826197242,0.18196351826190948,0.4035377862461316,-2.149175461278574,-0.05805884357536373,0.15525385737419128,-0.18886781756558788,-4.211263798127092,1.5329846809889178,0.009471455588936806,0.39546506337232396,-4.1351186008209915,0.8444063085629285,0.015174703672528267,-0.6725317117636888,0.032620157294569234,-0.21022420663207203,0.9475381374359131,0.6481370699306932,0.10479941139197033,-0.9779875737612802,0.9819158315658569,139.96804116106532,154.9123182063075,175.31910894435134,171.06515533340794,133.79813885825195,144.7999943245573,0.0,0.0,147.4401796836864,14.944277045242188,1.0,0.64719146405964,-0.023270943669161936,1.4063398885671823,-0.12837533385500213,0.1553008830602339,1.5575761979294203,0.5714599197864838,1.6663518285638037,-0.10559384834880513,-0.13086813172349449,-0.011923363020926498,0.16857845442296937,0.10559384834880513,0.13086813172349449,0.011923363020926498,0.16857845442296937,-0.008341423999075337,-0.9704840779824344,-0.8069833873351535,1.2621929774827092,0.25107131204192784,-0.7104813200229659,-0.06563350256317886,0.7563916092149238,-73.66465927501932,-87.49245417648359,3.181008610068331,55.7443277500239,44.22017698158011,71.22480568145961,-3.895495832770511,0.5152602951126202,0.9323732260688965,4.038527056680701,3.895495832770511,-0.5152602951126202,-0.9323732260688965,4.038527056680701,-3.6043711248184547,-32.068261650131305,4.950575033497112,32.64771185901076,9.079356677879735,-28.65746263066705,10.866872798833278,31.965196801181442
videos/caminar_regreso/video1.mp4,caminarRegreso,126,4.62,-0.05031210293480063,3.783840526619536,-1.5685802345136408,0.9996909499168396,-0.5202717115919316,2.753997330454874,-0.1118827166728549,0.9998403787612915,0.4277792751389577,2.823753203921502,-0.42225901195890736,0.9999005794525146,-0.3186061295352953,-0.016523649281263268,0.04183309228008562,0.9904950857162476,0.3186061295352953,0.016523649281263268,-0.04183309228008562,0.9918798208236694,-0.2170509198847997,-2.272888955070106,-0.02190963221681594,0.17899103462696075,0.39323887873053576,-2.1401640681429006,-0.06372540967538379,0.15082262456417084,-0.18771188077887718,-4.1890376726970775,1.5290070291793127,0.009227639064192772,0.3870376753184739,-4.1196542575199855,0.8353759267922279,0.014521313831210136,-0.6653456347956751,0.02864916090404845,-0.21131323559766213,0.9477781653404236,0.6461130753670602,0.10272666478141824,-1.1040310651180363,0.9825136661529541,139.37018510266967,154.90327184610197,174.9602366522281,170.70537603990525,134.55708303628316,146.23733341328455,0.0,0.0,147.13672847438582,15.533086743432307,0.9999999999999999,0.6435305878441078,-0.023123109113243487,1.394437633594094,-0.13353543215794056,0.09460226600487924,-0.5932854948484017,0.017784856272115315,0.6010437323884099,0.06733023952495319,-0.05782604976725822,0.11403946988639721,0.14450679526632473,-0.06733023952495319,0.05782604976725822,-0.11403946988639721,0.14450679526632473,0.07239217509292618,0.34820286547474893,-0.2609869197441463,0.44113493946529386,-0.2808792958798873,0.24576526733654866,-0.1545427118187289,0.4039519714759085,-16.305165228972257,-0.24671891469629578,-1.6554168287823998,-58.659864348486046,-15.100229004937322,60.5948595696149,4.716111487466136,1.9920567806246254,3.4353499883815557,6.16535703119582,-4.716111487466136,-1.9920567806246254,-3.4353499883815557,6.16535703119582,2.20182542978186,35.96418936701409,14.890812752482013,38.987270441506475,-14.50774385241314,26.079452382532217,-2.4247966160604553,29.94147803448011
videos/caminar_regreso/video1.mp4,caminarRegreso,127,4.656666666666666,-0.0484645351123494,3.7619941072196346,-1.5297764754166505,0.9997167587280273,-0.5191397300577009,2.7290899308442667,-0.11580901018495492,0.9998480677604675,0.4286953112456114,2.7950703204461993,-0.4276668666925722,0.9999058842658997,-0.31759874744423894,-0.018124813193647223,0.04178850281300271,0.9901054501533508,0.31759874744423894,0.018124813193647223,-0.04178850281300271,0.9915583729743958,-0.21553196334119815,-2.2457833361819857,0.01968785412681312,0.17724601924419403,0.3742857213832551,-2.1205688610648767,-0.06558441991100206,0.1486760675907135,-0.193485140183545,-4.17364307257084,1.3651353949696658,0.009181133471429348,0.3662953275377757,-4.1015872977044365,0.6493861339713451,0.014057599008083344,-0.6512520893164322,0.004464369066860629,-0.29668505381501686,0.9442043304443359,0.6426524003158324,0.09064683839236669,-1.1553191285787503,0.9825494289398193,144.4751387317539,159.44619254859467,175.84867281033635,170.65164635154906,137.56205925589543,147.24295580955413,0.0,0.0,151.96066564017428,14.971053816840765,1.0,0.6416969758345645,-0.02261110470302237,1.3810400628226165,-0.13586896921938177,0.050388213339579095,-0.595811438179132,1.0582843390088263,1.215522926192669,0.02747405702881052,-0.04366810670138061,-0.001216076374988311,0.0516062611923718,-0.02747405702881052,0.04366810670138061,0.001216076374988311,0.0516062611923718,0.04142608755276929,0.7392441514941944,1.1344769002807924,1.3547087781213407,-0.5169042912894722,0.5344147384915601,-0.05070027915322552,0.745224581838716,139.22600806593368,123.89783734070983,-1.2058377999627312,-0.06888936356537201,28.37725862009212,28.402950504055454,-1.0869867953493455,0.3861257199784802,-3.1433330798559687,3.348309456398788,1.0869867953493455,-0.3861257199784802,3.1433330798559687,3.348309456398788,-0.8445296601860971,10.664762345984878,38.058104182498326,39.53314660141749,-6.437045329352316,7.872258304227583,2.832066345422819,10.55597476150323
videos/caminar_regreso/video1.mp4,caminarRegreso,128,4.693333333333333,-0.03415970064029706,3.81351087531691,-1.4292246033885376,0.9997425079345703,-0.5295732522469914,2.7718737295623526,-0.1179385429164462,0.9998584389686584,0.43310236817541875,2.8316585921025252,-0.381910927940677,0.9999123215675354,-0.31950403873111277,-0.01989284042842894,0.04184716859411278,0.9903812408447266,0.31950403873111277,0.01989284042842894,-0.04184716859411278,0.9917845726013184,-0.20471875136677922,-2.253920119437831,0.008736226603890894,0.1792563498020172,0.37860347486676255,-2.120740731387612,-0.06240943379744372,0.15062226355075836,-0.20082943211134174,-4.199911255682935,1.3487284843950706,0.009271643124520779,0.3684474616777945,-4.117692946101543,0.654760407278253,0.013906024396419525,-0.654566867725617,0.0005534681304183762,-0.40101001908373785,0.9446905851364136,0.6502093082707904,0.08861966400624474,-1.0858365674140344,0.9829891324043274,144.5020922566793,159.6124071738551,175.66613433516483,171.6056100101082,139.9187775641518,149.67779665534297,0.0,0.0,152.0572497152672,15.110314917175799,1.0,0.6456926246602092,-0.024117721017893154,1.4008830804162193,-0.12496236771428079,0.390131849237791,1.4050027662893305,2.7423237825848967,3.105893649435071,-0.051962489642013644,-0.04821892458495591,0.0015999758484563163,0.0709064520381727,0.051962489642013644,0.04821892458495591,-0.0015999758484563163,0.0709064520381727,0.2949057811205161,-0.22191227061396646,-0.29868075062515165,0.4747890756760859,0.11775691318656643,-0.004687372438230949,0.08659053036977275,0.1462415194577852,0.7350961343291829,4.533126143466472,9.265735524496687,54.56766012186716,45.928348461165555,71.92285157274968,-2.1664512728406593,-0.12411321500659914,0.07680142427576256,2.1713621684332103,2.1664512728406593,0.12411321500659914,-0.07680142427576256,2.1713621684332103,6.91308255184764,-26.213356966586204,-39.08611775198029,47.5673774213799,17.3089419402556,-14.702784843539755,3.74429480517268,23.017191332449855
videos/caminar_regreso/video1.mp4,caminarRegreso,129,4.7299999999999995,-0.03745905554382037,3.807173159989555,-1.44877522788871,0.9997653961181641,-0.5228368278242986,2.7580323843055194,-0.11996571593680783,0.9998664259910583,0.43338380438980617,2.8222598962121097,-0.40547741314437674,0.9999170899391174,-0.3160317545102901,-0.021605769577903867,0.04280046884474631,0.990293025970459,0.3160317545102901,0.021605769577903867,-0.04280046884474631,0.9917187690734863,-0.20202686110181564,-2.223848113529005,0.18758505073623447,0.1817769557237625,0.37160372222128174,-2.101931680723354,0.05473143649060836,0.15069618821144104,-0.20494261013935344,-4.168306240262344,1.3599021470026678,0.009536229074001312,0.3594793277465275,-4.0803175797605595,0.6718994260421073,0.013722124509513378,-0.6402974504970729,0.007569888356505481,-0.3685925101407342,0.943783164024353,0.645250705698662,0.08806735054417515,-1.1372814700878664,0.9829941391944885,152.5199971941329,165.19164378844468,178.64595445787222,173.87028979187454,140.05143309204752,150.81712107167903,0.0,0.0,158.8558204912888,12.671646594311767,1.0,0.6392957352313117,-0.022363255858623116,1.3950730701294072,-0.13136078227029613,-0.08998240645972662,-0.17284678165513478,-0.5331988500047024,0.5676916918954851,0.09469866056789143,-0.04671624953113438,0.02599909774455087,0.10874832121526584,-0.09469866056789143,0.04671624953113438,-0.02599909774455087,0.10874832121526584,0.0734151890444613,0.8201456156952538,4.87769520360937,4.946709928855788,-0.19090234487674926,0.5129741090252115,3.194751007855966,3.2412991444799357,218.67013465782566,152.1609985797157,-13.094025155386843,-43.03226039848542,-89.3324354342618,100.0175632096159,3.9998495511792296,0.04098204692240543,0.6654305971662151,4.05503068297684,-3.9998495511792296,-0.04098204692240543,-0.6654305971662151,4.05503068297684,-6.0406525111651295,28.419760535706008,141.1738896609415,144.13271451571015,-8.417979765363155,14.118040403548429,84.76801302235073,86.34695987655681
